{
  "classes": [
    "COVID-19",
    "Normal",
    "Pneumonia"
  ],
  "input_shape": [
    224,
    224,
    3
  ],
  "model_type": "resnet50",
  "training_history": {
    "final_accuracy": 0.7666666507720947,
    "final_val_accuracy": 0.6666666865348816,
    "final_loss": 0.6198512315750122,
    "final_val_loss": 0.7927738428115845
  }
}