{
  "classes": [
    "COVID-19",
    "Normal",
    "Pneumonia"
  ],
  "input_shape": [
    224,
    224,
    3
  ],
  "model_type": "resnet50",
  "training_history": {
    "final_accuracy": 0.7458333373069763,
    "final_val_accuracy": 0.5833333134651184,
    "final_loss": 0.8315265774726868,
    "final_val_loss": 0.9713066816329956
  }
}